/home/uu_vet_iras/pliu/data/benchmark_pangenome_graphs/2023_10_raw_data/complete_genomes/data/stec/complete_genomes/complete_genomes/GCF_000732965.1_ASM73296v1_genomic.fna,ecoli_achtman_4,11,adk(12),fumC(12),gyrB(8),icd(12),mdh(15),purA(2),recA(2)
/home/uu_vet_iras/pliu/data/benchmark_pangenome_graphs/2023_10_raw_data/complete_genomes/data/stec/complete_genomes/complete_genomes/GCF_000978845.2_ASM97884v2_genomic.fna,ecoli_achtman_4,11,adk(12),fumC(12),gyrB(8),icd(12),mdh(15),purA(2),recA(2)
/home/uu_vet_iras/pliu/data/benchmark_pangenome_graphs/2023_10_raw_data/complete_genomes/data/stec/complete_genomes/complete_genomes/GCF_001558995.2_ASM155899v2_genomic.fna,ecoli_achtman_4,11,adk(12),fumC(12),gyrB(8),icd(12),mdh(15),purA(2),recA(2)
/home/uu_vet_iras/pliu/data/benchmark_pangenome_graphs/2023_10_raw_data/complete_genomes/data/stec/complete_genomes/complete_genomes/GCF_001651925.2_ASM165192v2_genomic.fna,ecoli_achtman_4,11,adk(12),fumC(12),gyrB(8),icd(12),mdh(15),purA(2),recA(2)
/home/uu_vet_iras/pliu/data/benchmark_pangenome_graphs/2023_10_raw_data/complete_genomes/data/stec/complete_genomes/complete_genomes/GCF_001651945.2_ASM165194v2_genomic.fna,ecoli_achtman_4,11,adk(12),fumC(12),gyrB(8),icd(12),mdh(15),purA(2),recA(2)
/home/uu_vet_iras/pliu/data/benchmark_pangenome_graphs/2023_10_raw_data/complete_genomes/data/stec/complete_genomes/complete_genomes/GCF_001695515.1_ASM169551v1_genomic.fna,ecoli_achtman_4,11,adk(12),fumC(12),gyrB(8),icd(12),mdh(15),purA(2),recA(2)
/home/uu_vet_iras/pliu/data/benchmark_pangenome_graphs/2023_10_raw_data/complete_genomes/data/stec/complete_genomes/complete_genomes/GCF_001753445.1_ASM175344v1_genomic.fna,ecoli_achtman_4,11,adk(12),fumC(12),gyrB(8),icd(12),mdh(15),purA(2),recA(2)
/home/uu_vet_iras/pliu/data/benchmark_pangenome_graphs/2023_10_raw_data/complete_genomes/data/stec/complete_genomes/complete_genomes/GCF_001753465.1_ASM175346v1_genomic.fna,ecoli_achtman_4,11,adk(12),fumC(12),gyrB(8),icd(12),mdh(15),purA(2),recA(2)
/home/uu_vet_iras/pliu/data/benchmark_pangenome_graphs/2023_10_raw_data/complete_genomes/data/stec/complete_genomes/complete_genomes/GCF_001753485.1_ASM175348v1_genomic.fna,ecoli_achtman_4,11,adk(12),fumC(12),gyrB(8),icd(12),mdh(15),purA(2),recA(2)
/home/uu_vet_iras/pliu/data/benchmark_pangenome_graphs/2023_10_raw_data/complete_genomes/data/stec/complete_genomes/complete_genomes/GCF_001753505.1_ASM175350v1_genomic.fna,ecoli_achtman_4,11,adk(12),fumC(12),gyrB(8),icd(12),mdh(15),purA(2),recA(2)
/home/uu_vet_iras/pliu/data/benchmark_pangenome_graphs/2023_10_raw_data/complete_genomes/data/stec/complete_genomes/complete_genomes/GCF_001753525.1_ASM175352v1_genomic.fna,ecoli_achtman_4,11,adk(12),fumC(12),gyrB(8),icd(12),mdh(15),purA(2),recA(2)
/home/uu_vet_iras/pliu/data/benchmark_pangenome_graphs/2023_10_raw_data/complete_genomes/data/stec/complete_genomes/complete_genomes/GCF_001753545.1_ASM175354v1_genomic.fna,ecoli_achtman_4,11,adk(12),fumC(12),gyrB(8),icd(12),mdh(15),purA(2),recA(2)
/home/uu_vet_iras/pliu/data/benchmark_pangenome_graphs/2023_10_raw_data/complete_genomes/data/stec/complete_genomes/complete_genomes/GCF_001753565.1_ASM175356v1_genomic.fna,ecoli_achtman_4,11,adk(12),fumC(12),gyrB(8),icd(12),mdh(15),purA(2),recA(2)
/home/uu_vet_iras/pliu/data/benchmark_pangenome_graphs/2023_10_raw_data/complete_genomes/data/stec/complete_genomes/complete_genomes/GCF_002208865.2_ASM220886v2_genomic.fna,ecoli_achtman_4,11,adk(12),fumC(12),gyrB(8),icd(12),mdh(15),purA(2),recA(2)
/home/uu_vet_iras/pliu/data/benchmark_pangenome_graphs/2023_10_raw_data/complete_genomes/data/stec/complete_genomes/complete_genomes/GCF_002249955.1_ASM224995v1_genomic.fna,ecoli_achtman_4,11,adk(12),fumC(12),gyrB(8),icd(12),mdh(15),purA(2),recA(2)
/home/uu_vet_iras/pliu/data/benchmark_pangenome_graphs/2023_10_raw_data/complete_genomes/data/stec/complete_genomes/complete_genomes/GCF_004010575.1_ASM401057v1_genomic.fna,ecoli_achtman_4,11,adk(12),fumC(12),gyrB(8),icd(12),mdh(15),purA(2),recA(2)
/home/uu_vet_iras/pliu/data/benchmark_pangenome_graphs/2023_10_raw_data/complete_genomes/data/stec/complete_genomes/complete_genomes/GCF_004010595.1_ASM401059v1_genomic.fna,ecoli_achtman_4,11,adk(12),fumC(12),gyrB(8),icd(12),mdh(15),purA(2),recA(2)
/home/uu_vet_iras/pliu/data/benchmark_pangenome_graphs/2023_10_raw_data/complete_genomes/data/stec/complete_genomes/complete_genomes/GCF_004010615.1_ASM401061v1_genomic.fna,ecoli_achtman_4,11,adk(12),fumC(12),gyrB(8),icd(12),mdh(15),purA(2),recA(2)
/home/uu_vet_iras/pliu/data/benchmark_pangenome_graphs/2023_10_raw_data/complete_genomes/data/stec/complete_genomes/complete_genomes/GCF_004010635.1_ASM401063v1_genomic.fna,ecoli_achtman_4,11,adk(12),fumC(12),gyrB(8),icd(12),mdh(15),purA(2),recA(2)
/home/uu_vet_iras/pliu/data/benchmark_pangenome_graphs/2023_10_raw_data/complete_genomes/data/stec/complete_genomes/complete_genomes/GCF_004010655.1_ASM401065v1_genomic.fna,ecoli_achtman_4,11,adk(12),fumC(12),gyrB(8),icd(12),mdh(15),purA(2),recA(2)
/home/uu_vet_iras/pliu/data/benchmark_pangenome_graphs/2023_10_raw_data/complete_genomes/data/stec/complete_genomes/complete_genomes/GCF_004010675.1_ASM401067v1_genomic.fna,ecoli_achtman_4,11,adk(12),fumC(12),gyrB(8),icd(12),mdh(15),purA(2),recA(2)
/home/uu_vet_iras/pliu/data/benchmark_pangenome_graphs/2023_10_raw_data/complete_genomes/data/stec/complete_genomes/complete_genomes/GCF_004010695.1_ASM401069v1_genomic.fna,ecoli_achtman_4,11,adk(12),fumC(12),gyrB(8),icd(12),mdh(15),purA(2),recA(2)
/home/uu_vet_iras/pliu/data/benchmark_pangenome_graphs/2023_10_raw_data/complete_genomes/data/stec/complete_genomes/complete_genomes/GCF_004010715.1_ASM401071v1_genomic.fna,ecoli_achtman_4,11,adk(12),fumC(12),gyrB(8),icd(12),mdh(15),purA(2),recA(2)
/home/uu_vet_iras/pliu/data/benchmark_pangenome_graphs/2023_10_raw_data/complete_genomes/data/stec/complete_genomes/complete_genomes/GCF_005037735.1_ASM503773v2_genomic.fna,ecoli_achtman_4,11,adk(12),fumC(12),gyrB(8),icd(12),mdh(15),purA(2),recA(2)
/home/uu_vet_iras/pliu/data/benchmark_pangenome_graphs/2023_10_raw_data/complete_genomes/data/stec/complete_genomes/complete_genomes/GCF_005221505.1_ASM522150v1_genomic.fna,ecoli_achtman_4,11,adk(12),fumC(12),gyrB(8),icd(12),mdh(15),purA(2),recA(2)
/home/uu_vet_iras/pliu/data/benchmark_pangenome_graphs/2023_10_raw_data/complete_genomes/data/stec/complete_genomes/complete_genomes/GCF_005221525.1_ASM522152v1_genomic.fna,ecoli_achtman_4,11,adk(12),fumC(12),gyrB(8),icd(12),mdh(15),purA(2),recA(2)
/home/uu_vet_iras/pliu/data/benchmark_pangenome_graphs/2023_10_raw_data/complete_genomes/data/stec/complete_genomes/complete_genomes/GCF_005221545.1_ASM522154v1_genomic.fna,ecoli_achtman_4,11,adk(12),fumC(12),gyrB(8),icd(12),mdh(15),purA(2),recA(2)
/home/uu_vet_iras/pliu/data/benchmark_pangenome_graphs/2023_10_raw_data/complete_genomes/data/stec/complete_genomes/complete_genomes/GCF_005221565.1_ASM522156v1_genomic.fna,ecoli_achtman_4,11,adk(12),fumC(12),gyrB(8),icd(12),mdh(15),purA(2),recA(2)
/home/uu_vet_iras/pliu/data/benchmark_pangenome_graphs/2023_10_raw_data/complete_genomes/data/stec/complete_genomes/complete_genomes/GCF_005221585.1_ASM522158v1_genomic.fna,ecoli_achtman_4,11,adk(12),fumC(12),gyrB(8),icd(12),mdh(15),purA(2),recA(2)
/home/uu_vet_iras/pliu/data/benchmark_pangenome_graphs/2023_10_raw_data/complete_genomes/data/stec/complete_genomes/complete_genomes/GCF_005221605.1_ASM522160v1_genomic.fna,ecoli_achtman_4,11,adk(12),fumC(12),gyrB(8),icd(12),mdh(15),purA(2),recA(2)
/home/uu_vet_iras/pliu/data/benchmark_pangenome_graphs/2023_10_raw_data/complete_genomes/data/stec/complete_genomes/complete_genomes/GCF_005221625.1_ASM522162v1_genomic.fna,ecoli_achtman_4,11,adk(12),fumC(12),gyrB(8),icd(12),mdh(15),purA(2),recA(2)
/home/uu_vet_iras/pliu/data/benchmark_pangenome_graphs/2023_10_raw_data/complete_genomes/data/stec/complete_genomes/complete_genomes/GCF_005221645.1_ASM522164v1_genomic.fna,ecoli_achtman_4,11,adk(12),fumC(12),gyrB(8),icd(12),mdh(15),purA(2),recA(2)
/home/uu_vet_iras/pliu/data/benchmark_pangenome_graphs/2023_10_raw_data/complete_genomes/data/stec/complete_genomes/complete_genomes/GCF_005221665.1_ASM522166v1_genomic.fna,ecoli_achtman_4,11,adk(12),fumC(12),gyrB(8),icd(12),mdh(15),purA(2),recA(2)
/home/uu_vet_iras/pliu/data/benchmark_pangenome_graphs/2023_10_raw_data/complete_genomes/data/stec/complete_genomes/complete_genomes/GCF_005221685.1_ASM522168v1_genomic.fna,ecoli_achtman_4,11,adk(12),fumC(12),gyrB(8),icd(12),mdh(15),purA(2),recA(2)
/home/uu_vet_iras/pliu/data/benchmark_pangenome_graphs/2023_10_raw_data/complete_genomes/data/stec/complete_genomes/complete_genomes/GCF_005221705.1_ASM522170v1_genomic.fna,ecoli_achtman_4,11,adk(12),fumC(12),gyrB(8),icd(12),mdh(15),purA(2),recA(2)
/home/uu_vet_iras/pliu/data/benchmark_pangenome_graphs/2023_10_raw_data/complete_genomes/data/stec/complete_genomes/complete_genomes/GCF_005221725.1_ASM522172v1_genomic.fna,ecoli_achtman_4,11,adk(12),fumC(12),gyrB(8),icd(12),mdh(15),purA(2),recA(2)
/home/uu_vet_iras/pliu/data/benchmark_pangenome_graphs/2023_10_raw_data/complete_genomes/data/stec/complete_genomes/complete_genomes/GCF_005221745.1_ASM522174v1_genomic.fna,ecoli_achtman_4,11,adk(12),fumC(12),gyrB(8),icd(12),mdh(15),purA(2),recA(2)
/home/uu_vet_iras/pliu/data/benchmark_pangenome_graphs/2023_10_raw_data/complete_genomes/data/stec/complete_genomes/complete_genomes/GCF_005221765.1_ASM522176v1_genomic.fna,ecoli_achtman_4,11,adk(12),fumC(12),gyrB(8),icd(12),mdh(15),purA(2),recA(2)
/home/uu_vet_iras/pliu/data/benchmark_pangenome_graphs/2023_10_raw_data/complete_genomes/data/stec/complete_genomes/complete_genomes/GCF_005221785.1_ASM522178v1_genomic.fna,ecoli_achtman_4,11,adk(12),fumC(12),gyrB(8),icd(12),mdh(15),purA(2),recA(2)
/home/uu_vet_iras/pliu/data/benchmark_pangenome_graphs/2023_10_raw_data/complete_genomes/data/stec/complete_genomes/complete_genomes/GCF_005221805.1_ASM522180v1_genomic.fna,ecoli_achtman_4,11,adk(12),fumC(12),gyrB(8),icd(12),mdh(15),purA(2),recA(2)
/home/uu_vet_iras/pliu/data/benchmark_pangenome_graphs/2023_10_raw_data/complete_genomes/data/stec/complete_genomes/complete_genomes/GCF_005221825.1_ASM522182v1_genomic.fna,ecoli_achtman_4,11,adk(12),fumC(12),gyrB(8),icd(12),mdh(15),purA(2),recA(2)
/home/uu_vet_iras/pliu/data/benchmark_pangenome_graphs/2023_10_raw_data/complete_genomes/data/stec/complete_genomes/complete_genomes/GCF_005221845.1_ASM522184v1_genomic.fna,ecoli_achtman_4,11,adk(12),fumC(12),gyrB(8),icd(12),mdh(15),purA(2),recA(2)
/home/uu_vet_iras/pliu/data/benchmark_pangenome_graphs/2023_10_raw_data/complete_genomes/data/stec/complete_genomes/complete_genomes/GCF_005221865.1_ASM522186v1_genomic.fna,ecoli_achtman_4,11,adk(12),fumC(12),gyrB(8),icd(12),mdh(15),purA(2),recA(2)
/home/uu_vet_iras/pliu/data/benchmark_pangenome_graphs/2023_10_raw_data/complete_genomes/data/stec/complete_genomes/complete_genomes/GCF_005221885.1_ASM522188v1_genomic.fna,ecoli_achtman_4,11,adk(12),fumC(12),gyrB(8),icd(12),mdh(15),purA(2),recA(2)
/home/uu_vet_iras/pliu/data/benchmark_pangenome_graphs/2023_10_raw_data/complete_genomes/data/stec/complete_genomes/complete_genomes/GCF_005221905.1_ASM522190v1_genomic.fna,ecoli_achtman_4,11,adk(12),fumC(12),gyrB(8),icd(12),mdh(15),purA(2),recA(2)
/home/uu_vet_iras/pliu/data/benchmark_pangenome_graphs/2023_10_raw_data/complete_genomes/data/stec/complete_genomes/complete_genomes/GCF_005221925.1_ASM522192v1_genomic.fna,ecoli_achtman_4,11,adk(12),fumC(12),gyrB(8),icd(12),mdh(15),purA(2),recA(2)
/home/uu_vet_iras/pliu/data/benchmark_pangenome_graphs/2023_10_raw_data/complete_genomes/data/stec/complete_genomes/complete_genomes/GCF_005221945.1_ASM522194v1_genomic.fna,ecoli_achtman_4,11,adk(12),fumC(12),gyrB(8),icd(12),mdh(15),purA(2),recA(2)
/home/uu_vet_iras/pliu/data/benchmark_pangenome_graphs/2023_10_raw_data/complete_genomes/data/stec/complete_genomes/complete_genomes/GCF_005221965.1_ASM522196v1_genomic.fna,ecoli_achtman_4,11,adk(12),fumC(12),gyrB(8),icd(12),mdh(15),purA(2),recA(2)
/home/uu_vet_iras/pliu/data/benchmark_pangenome_graphs/2023_10_raw_data/complete_genomes/data/stec/complete_genomes/complete_genomes/GCF_005221985.1_ASM522198v1_genomic.fna,ecoli_achtman_4,11,adk(12),fumC(12),gyrB(8),icd(12),mdh(15),purA(2),recA(2)
/home/uu_vet_iras/pliu/data/benchmark_pangenome_graphs/2023_10_raw_data/complete_genomes/data/stec/complete_genomes/complete_genomes/GCF_005222005.1_ASM522200v1_genomic.fna,ecoli_achtman_4,11,adk(12),fumC(12),gyrB(8),icd(12),mdh(15),purA(2),recA(2)
/home/uu_vet_iras/pliu/data/benchmark_pangenome_graphs/2023_10_raw_data/complete_genomes/data/stec/complete_genomes/complete_genomes/GCF_005222025.1_ASM522202v1_genomic.fna,ecoli_achtman_4,11,adk(12),fumC(12),gyrB(8),icd(12),mdh(15),purA(2),recA(2)
/home/uu_vet_iras/pliu/data/benchmark_pangenome_graphs/2023_10_raw_data/complete_genomes/data/stec/complete_genomes/complete_genomes/GCF_005222045.1_ASM522204v1_genomic.fna,ecoli_achtman_4,11,adk(12),fumC(12),gyrB(8),icd(12),mdh(15),purA(2),recA(2)
/home/uu_vet_iras/pliu/data/benchmark_pangenome_graphs/2023_10_raw_data/complete_genomes/data/stec/complete_genomes/complete_genomes/GCF_005222065.1_ASM522206v1_genomic.fna,ecoli_achtman_4,11,adk(12),fumC(12),gyrB(8),icd(12),mdh(15),purA(2),recA(2)
/home/uu_vet_iras/pliu/data/benchmark_pangenome_graphs/2023_10_raw_data/complete_genomes/data/stec/complete_genomes/complete_genomes/GCF_005222265.1_ASM522226v1_genomic.fna,ecoli_achtman_4,11,adk(12),fumC(12),gyrB(8),icd(12),mdh(15),purA(2),recA(2)
/home/uu_vet_iras/pliu/data/benchmark_pangenome_graphs/2023_10_raw_data/complete_genomes/data/stec/complete_genomes/complete_genomes/GCF_005222285.1_ASM522228v1_genomic.fna,ecoli_achtman_4,11,adk(12),fumC(12),gyrB(8),icd(12),mdh(15),purA(2),recA(2)
/home/uu_vet_iras/pliu/data/benchmark_pangenome_graphs/2023_10_raw_data/complete_genomes/data/stec/complete_genomes/complete_genomes/GCF_005222305.1_ASM522230v1_genomic.fna,ecoli_achtman_4,11,adk(12),fumC(12),gyrB(8),icd(12),mdh(15),purA(2),recA(2)
/home/uu_vet_iras/pliu/data/benchmark_pangenome_graphs/2023_10_raw_data/complete_genomes/data/stec/complete_genomes/complete_genomes/GCF_005222325.1_ASM522232v1_genomic.fna,ecoli_achtman_4,11,adk(12),fumC(12),gyrB(8),icd(12),mdh(15),purA(2),recA(2)
/home/uu_vet_iras/pliu/data/benchmark_pangenome_graphs/2023_10_raw_data/complete_genomes/data/stec/complete_genomes/complete_genomes/GCF_005222345.1_ASM522234v1_genomic.fna,ecoli_achtman_4,11,adk(12),fumC(12),gyrB(8),icd(12),mdh(15),purA(2),recA(2)
/home/uu_vet_iras/pliu/data/benchmark_pangenome_graphs/2023_10_raw_data/complete_genomes/data/stec/complete_genomes/complete_genomes/GCF_005222365.1_ASM522236v1_genomic.fna,ecoli_achtman_4,11,adk(12),fumC(12),gyrB(8),icd(12),mdh(15),purA(2),recA(2)
/home/uu_vet_iras/pliu/data/benchmark_pangenome_graphs/2023_10_raw_data/complete_genomes/data/stec/complete_genomes/complete_genomes/GCF_005222385.1_ASM522238v1_genomic.fna,ecoli_achtman_4,11,adk(12),fumC(12),gyrB(8),icd(12),mdh(15),purA(2),recA(2)
/home/uu_vet_iras/pliu/data/benchmark_pangenome_graphs/2023_10_raw_data/complete_genomes/data/stec/complete_genomes/complete_genomes/GCF_005222405.1_ASM522240v1_genomic.fna,ecoli_achtman_4,11,adk(12),fumC(12),gyrB(8),icd(12),mdh(15),purA(2),recA(2)
/home/uu_vet_iras/pliu/data/benchmark_pangenome_graphs/2023_10_raw_data/complete_genomes/data/stec/complete_genomes/complete_genomes/GCF_005222425.1_ASM522242v1_genomic.fna,ecoli_achtman_4,11,adk(12),fumC(12),gyrB(8),icd(12),mdh(15),purA(2),recA(2)
/home/uu_vet_iras/pliu/data/benchmark_pangenome_graphs/2023_10_raw_data/complete_genomes/data/stec/complete_genomes/complete_genomes/GCF_005222445.1_ASM522244v1_genomic.fna,ecoli_achtman_4,11,adk(12),fumC(12),gyrB(8),icd(12),mdh(15),purA(2),recA(2)
/home/uu_vet_iras/pliu/data/benchmark_pangenome_graphs/2023_10_raw_data/complete_genomes/data/stec/complete_genomes/complete_genomes/GCF_005885915.1_ASM588591v1_genomic.fna,ecoli_achtman_4,11,adk(12),fumC(12),gyrB(8),icd(12),mdh(15),purA(2),recA(2)
/home/uu_vet_iras/pliu/data/benchmark_pangenome_graphs/2023_10_raw_data/complete_genomes/data/stec/complete_genomes/complete_genomes/GCF_005885955.1_ASM588595v1_genomic.fna,ecoli_achtman_4,11,adk(12),fumC(12),gyrB(8),icd(12),mdh(15),purA(2),recA(2)
/home/uu_vet_iras/pliu/data/benchmark_pangenome_graphs/2023_10_raw_data/complete_genomes/data/stec/complete_genomes/complete_genomes/GCF_007922655.1_ASM792265v1_genomic.fna,ecoli_achtman_4,11,adk(12),fumC(12),gyrB(8),icd(12),mdh(15),purA(2),recA(2)
/home/uu_vet_iras/pliu/data/benchmark_pangenome_graphs/2023_10_raw_data/complete_genomes/data/stec/complete_genomes/complete_genomes/GCF_009432795.1_ASM943279v1_genomic.fna,ecoli_achtman_4,11,adk(12),fumC(12),gyrB(8),icd(12),mdh(15),purA(2),recA(2)
/home/uu_vet_iras/pliu/data/benchmark_pangenome_graphs/2023_10_raw_data/complete_genomes/data/stec/complete_genomes/complete_genomes/GCF_009432915.1_ASM943291v1_genomic.fna,ecoli_achtman_4,11,adk(12),fumC(12),gyrB(8),icd(12),mdh(15),purA(2),recA(2)
/home/uu_vet_iras/pliu/data/benchmark_pangenome_graphs/2023_10_raw_data/complete_genomes/data/stec/complete_genomes/complete_genomes/GCF_009433135.1_ASM943313v1_genomic.fna,ecoli_achtman_4,11,adk(12),fumC(12),gyrB(8),icd(12),mdh(15),purA(2),recA(2)
/home/uu_vet_iras/pliu/data/benchmark_pangenome_graphs/2023_10_raw_data/complete_genomes/data/stec/complete_genomes/complete_genomes/GCF_009627495.1_ASM962749v1_genomic.fna,ecoli_achtman_4,11,adk(12),fumC(12),gyrB(8),icd(12),mdh(15),purA(2),recA(2)
/home/uu_vet_iras/pliu/data/benchmark_pangenome_graphs/2023_10_raw_data/complete_genomes/data/stec/complete_genomes/complete_genomes/GCF_009650175.1_ASM965017v1_genomic.fna,ecoli_achtman_4,11,adk(12),fumC(12),gyrB(8),icd(12),mdh(15),purA(2),recA(2)
/home/uu_vet_iras/pliu/data/benchmark_pangenome_graphs/2023_10_raw_data/complete_genomes/data/stec/complete_genomes/complete_genomes/GCF_009664305.1_ASM966430v1_genomic.fna,ecoli_achtman_4,11,adk(12),fumC(12),gyrB(8),icd(12),mdh(15),purA(2),recA(2)
/home/uu_vet_iras/pliu/data/benchmark_pangenome_graphs/2023_10_raw_data/complete_genomes/data/stec/complete_genomes/complete_genomes/GCF_009664455.1_ASM966445v1_genomic.fna,ecoli_achtman_4,11,adk(12),fumC(12),gyrB(8),icd(12),mdh(15),purA(2),recA(2)
/home/uu_vet_iras/pliu/data/benchmark_pangenome_graphs/2023_10_raw_data/complete_genomes/data/stec/complete_genomes/complete_genomes/GCF_009931235.1_ASM993123v1_genomic.fna,ecoli_achtman_4,11,adk(12),fumC(12),gyrB(8),icd(12),mdh(15),purA(2),recA(2)
/home/uu_vet_iras/pliu/data/benchmark_pangenome_graphs/2023_10_raw_data/complete_genomes/data/stec/complete_genomes/complete_genomes/GCF_012915625.1_ASM1291562v2_genomic.fna,ecoli_achtman_4,11,adk(12),fumC(12),gyrB(8),icd(12),mdh(15),purA(2),recA(2)
/home/uu_vet_iras/pliu/data/benchmark_pangenome_graphs/2023_10_raw_data/complete_genomes/data/stec/complete_genomes/complete_genomes/GCF_013167135.1_ASM1316713v1_genomic.fna,ecoli_achtman_4,11,adk(12),fumC(12),gyrB(8),icd(12),mdh(15),purA(2),recA(2)
/home/uu_vet_iras/pliu/data/benchmark_pangenome_graphs/2023_10_raw_data/complete_genomes/data/stec/complete_genomes/complete_genomes/GCF_013167155.1_ASM1316715v1_genomic.fna,ecoli_achtman_4,11,adk(12),fumC(12),gyrB(8),icd(12),mdh(15),purA(2),recA(2)
/home/uu_vet_iras/pliu/data/benchmark_pangenome_graphs/2023_10_raw_data/complete_genomes/data/stec/complete_genomes/complete_genomes/GCF_013167175.1_ASM1316717v1_genomic.fna,ecoli_achtman_4,11,adk(12),fumC(12),gyrB(8),icd(12),mdh(15),purA(2),recA(2)
/home/uu_vet_iras/pliu/data/benchmark_pangenome_graphs/2023_10_raw_data/complete_genomes/data/stec/complete_genomes/complete_genomes/GCF_013167195.1_ASM1316719v1_genomic.fna,ecoli_achtman_4,11,adk(12),fumC(12),gyrB(8),icd(12),mdh(15),purA(2),recA(2)
/home/uu_vet_iras/pliu/data/benchmark_pangenome_graphs/2023_10_raw_data/complete_genomes/data/stec/complete_genomes/complete_genomes/GCF_013167235.1_ASM1316723v1_genomic.fna,ecoli_achtman_4,11,adk(12),fumC(12),gyrB(8),icd(12),mdh(15),purA(2),recA(2)
/home/uu_vet_iras/pliu/data/benchmark_pangenome_graphs/2023_10_raw_data/complete_genomes/data/stec/complete_genomes/complete_genomes/GCF_013167275.1_ASM1316727v1_genomic.fna,ecoli_achtman_4,5560,adk(12),fumC(12),gyrB(8),icd(569),mdh(15),purA(2),recA(2)
/home/uu_vet_iras/pliu/data/benchmark_pangenome_graphs/2023_10_raw_data/complete_genomes/data/stec/complete_genomes/complete_genomes/GCF_013167295.1_ASM1316729v1_genomic.fna,ecoli_achtman_4,11,adk(12),fumC(12),gyrB(8),icd(12),mdh(15),purA(2),recA(2)
/home/uu_vet_iras/pliu/data/benchmark_pangenome_graphs/2023_10_raw_data/complete_genomes/data/stec/complete_genomes/complete_genomes/GCF_013167315.1_ASM1316731v1_genomic.fna,ecoli_achtman_4,11,adk(12),fumC(12),gyrB(8),icd(12),mdh(15),purA(2),recA(2)
/home/uu_vet_iras/pliu/data/benchmark_pangenome_graphs/2023_10_raw_data/complete_genomes/data/stec/complete_genomes/complete_genomes/GCF_013167335.1_ASM1316733v1_genomic.fna,ecoli_achtman_4,11,adk(12),fumC(12),gyrB(8),icd(12),mdh(15),purA(2),recA(2)
/home/uu_vet_iras/pliu/data/benchmark_pangenome_graphs/2023_10_raw_data/complete_genomes/data/stec/complete_genomes/complete_genomes/GCF_013167355.1_ASM1316735v1_genomic.fna,ecoli_achtman_4,11,adk(12),fumC(12),gyrB(8),icd(12),mdh(15),purA(2),recA(2)
/home/uu_vet_iras/pliu/data/benchmark_pangenome_graphs/2023_10_raw_data/complete_genomes/data/stec/complete_genomes/complete_genomes/GCF_013167375.1_ASM1316737v1_genomic.fna,ecoli_achtman_4,11,adk(12),fumC(12),gyrB(8),icd(12),mdh(15),purA(2),recA(2)
/home/uu_vet_iras/pliu/data/benchmark_pangenome_graphs/2023_10_raw_data/complete_genomes/data/stec/complete_genomes/complete_genomes/GCF_013167395.1_ASM1316739v1_genomic.fna,ecoli_achtman_4,11,adk(12),fumC(12),gyrB(8),icd(12),mdh(15),purA(2),recA(2)
/home/uu_vet_iras/pliu/data/benchmark_pangenome_graphs/2023_10_raw_data/complete_genomes/data/stec/complete_genomes/complete_genomes/GCF_013167415.1_ASM1316741v1_genomic.fna,ecoli_achtman_4,11,adk(12),fumC(12),gyrB(8),icd(12),mdh(15),purA(2),recA(2)
/home/uu_vet_iras/pliu/data/benchmark_pangenome_graphs/2023_10_raw_data/complete_genomes/data/stec/complete_genomes/complete_genomes/GCF_013167435.1_ASM1316743v1_genomic.fna,ecoli_achtman_4,11,adk(12),fumC(12),gyrB(8),icd(12),mdh(15),purA(2),recA(2)
/home/uu_vet_iras/pliu/data/benchmark_pangenome_graphs/2023_10_raw_data/complete_genomes/data/stec/complete_genomes/complete_genomes/GCF_013167455.1_ASM1316745v1_genomic.fna,ecoli_achtman_4,11,adk(12),fumC(12),gyrB(8),icd(12),mdh(15),purA(2),recA(2)
/home/uu_vet_iras/pliu/data/benchmark_pangenome_graphs/2023_10_raw_data/complete_genomes/data/stec/complete_genomes/complete_genomes/GCF_013167475.1_ASM1316747v1_genomic.fna,ecoli_achtman_4,11,adk(12),fumC(12),gyrB(8),icd(12),mdh(15),purA(2),recA(2)
/home/uu_vet_iras/pliu/data/benchmark_pangenome_graphs/2023_10_raw_data/complete_genomes/data/stec/complete_genomes/complete_genomes/GCF_013167495.1_ASM1316749v1_genomic.fna,ecoli_achtman_4,11,adk(12),fumC(12),gyrB(8),icd(12),mdh(15),purA(2),recA(2)
/home/uu_vet_iras/pliu/data/benchmark_pangenome_graphs/2023_10_raw_data/complete_genomes/data/stec/complete_genomes/complete_genomes/GCF_013167515.1_ASM1316751v1_genomic.fna,ecoli_achtman_4,11,adk(12),fumC(12),gyrB(8),icd(12),mdh(15),purA(2),recA(2)
/home/uu_vet_iras/pliu/data/benchmark_pangenome_graphs/2023_10_raw_data/complete_genomes/data/stec/complete_genomes/complete_genomes/GCF_013167535.1_ASM1316753v1_genomic.fna,ecoli_achtman_4,11,adk(12),fumC(12),gyrB(8),icd(12),mdh(15),purA(2),recA(2)
/home/uu_vet_iras/pliu/data/benchmark_pangenome_graphs/2023_10_raw_data/complete_genomes/data/stec/complete_genomes/complete_genomes/GCF_013167555.1_ASM1316755v1_genomic.fna,ecoli_achtman_4,11,adk(12),fumC(12),gyrB(8),icd(12),mdh(15),purA(2),recA(2)
/home/uu_vet_iras/pliu/data/benchmark_pangenome_graphs/2023_10_raw_data/complete_genomes/data/stec/complete_genomes/complete_genomes/GCF_013167575.1_ASM1316757v1_genomic.fna,ecoli_achtman_4,11,adk(12),fumC(12),gyrB(8),icd(12),mdh(15),purA(2),recA(2)
/home/uu_vet_iras/pliu/data/benchmark_pangenome_graphs/2023_10_raw_data/complete_genomes/data/stec/complete_genomes/complete_genomes/GCF_013167595.1_ASM1316759v1_genomic.fna,ecoli_achtman_4,11,adk(12),fumC(12),gyrB(8),icd(12),mdh(15),purA(2),recA(2)
/home/uu_vet_iras/pliu/data/benchmark_pangenome_graphs/2023_10_raw_data/complete_genomes/data/stec/complete_genomes/complete_genomes/GCF_013167615.1_ASM1316761v1_genomic.fna,ecoli_achtman_4,11,adk(12),fumC(12),gyrB(8),icd(12),mdh(15),purA(2),recA(2)
/home/uu_vet_iras/pliu/data/benchmark_pangenome_graphs/2023_10_raw_data/complete_genomes/data/stec/complete_genomes/complete_genomes/GCF_013167635.1_ASM1316763v1_genomic.fna,ecoli_achtman_4,11,adk(12),fumC(12),gyrB(8),icd(12),mdh(15),purA(2),recA(2)
/home/uu_vet_iras/pliu/data/benchmark_pangenome_graphs/2023_10_raw_data/complete_genomes/data/stec/complete_genomes/complete_genomes/GCF_013167655.1_ASM1316765v1_genomic.fna,ecoli_achtman_4,11,adk(12),fumC(12),gyrB(8),icd(12),mdh(15),purA(2),recA(2)
/home/uu_vet_iras/pliu/data/benchmark_pangenome_graphs/2023_10_raw_data/complete_genomes/data/stec/complete_genomes/complete_genomes/GCF_013167675.1_ASM1316767v1_genomic.fna,ecoli_achtman_4,11,adk(12),fumC(12),gyrB(8),icd(12),mdh(15),purA(2),recA(2)
/home/uu_vet_iras/pliu/data/benchmark_pangenome_graphs/2023_10_raw_data/complete_genomes/data/stec/complete_genomes/complete_genomes/GCF_013167695.1_ASM1316769v1_genomic.fna,ecoli_achtman_4,11,adk(12),fumC(12),gyrB(8),icd(12),mdh(15),purA(2),recA(2)
/home/uu_vet_iras/pliu/data/benchmark_pangenome_graphs/2023_10_raw_data/complete_genomes/data/stec/complete_genomes/complete_genomes/GCF_013167715.1_ASM1316771v1_genomic.fna,ecoli_achtman_4,11,adk(12),fumC(12),gyrB(8),icd(12),mdh(15),purA(2),recA(2)
/home/uu_vet_iras/pliu/data/benchmark_pangenome_graphs/2023_10_raw_data/complete_genomes/data/stec/complete_genomes/complete_genomes/GCF_013167735.1_ASM1316773v1_genomic.fna,ecoli_achtman_4,11,adk(12),fumC(12),gyrB(8),icd(12),mdh(15),purA(2),recA(2)
/home/uu_vet_iras/pliu/data/benchmark_pangenome_graphs/2023_10_raw_data/complete_genomes/data/stec/complete_genomes/complete_genomes/GCF_013167755.1_ASM1316775v1_genomic.fna,ecoli_achtman_4,11,adk(12),fumC(12),gyrB(8),icd(12),mdh(15),purA(2),recA(2)
/home/uu_vet_iras/pliu/data/benchmark_pangenome_graphs/2023_10_raw_data/complete_genomes/data/stec/complete_genomes/complete_genomes/GCF_013167775.1_ASM1316777v1_genomic.fna,ecoli_achtman_4,11,adk(12),fumC(12),gyrB(8),icd(12),mdh(15),purA(2),recA(2)
/home/uu_vet_iras/pliu/data/benchmark_pangenome_graphs/2023_10_raw_data/complete_genomes/data/stec/complete_genomes/complete_genomes/GCF_013167795.1_ASM1316779v1_genomic.fna,ecoli_achtman_4,5516,adk(12),fumC(12),gyrB(464),icd(12),mdh(15),purA(2),recA(2)
/home/uu_vet_iras/pliu/data/benchmark_pangenome_graphs/2023_10_raw_data/complete_genomes/data/stec/complete_genomes/complete_genomes/GCF_013167815.1_ASM1316781v1_genomic.fna,ecoli_achtman_4,11,adk(12),fumC(12),gyrB(8),icd(12),mdh(15),purA(2),recA(2)
/home/uu_vet_iras/pliu/data/benchmark_pangenome_graphs/2023_10_raw_data/complete_genomes/data/stec/complete_genomes/complete_genomes/GCF_013167875.1_ASM1316787v1_genomic.fna,ecoli_achtman_4,11,adk(12),fumC(12),gyrB(8),icd(12),mdh(15),purA(2),recA(2)
/home/uu_vet_iras/pliu/data/benchmark_pangenome_graphs/2023_10_raw_data/complete_genomes/data/stec/complete_genomes/complete_genomes/GCF_013168035.1_ASM1316803v1_genomic.fna,ecoli_achtman_4,11,adk(12),fumC(12),gyrB(8),icd(12),mdh(15),purA(2),recA(2)
/home/uu_vet_iras/pliu/data/benchmark_pangenome_graphs/2023_10_raw_data/complete_genomes/data/stec/complete_genomes/complete_genomes/GCF_013168055.1_ASM1316805v1_genomic.fna,ecoli_achtman_4,11,adk(12),fumC(12),gyrB(8),icd(12),mdh(15),purA(2),recA(2)
/home/uu_vet_iras/pliu/data/benchmark_pangenome_graphs/2023_10_raw_data/complete_genomes/data/stec/complete_genomes/complete_genomes/GCF_013168075.1_ASM1316807v1_genomic.fna,ecoli_achtman_4,11,adk(12),fumC(12),gyrB(8),icd(12),mdh(15),purA(2),recA(2)
/home/uu_vet_iras/pliu/data/benchmark_pangenome_graphs/2023_10_raw_data/complete_genomes/data/stec/complete_genomes/complete_genomes/GCF_013168095.1_ASM1316809v1_genomic.fna,ecoli_achtman_4,11,adk(12),fumC(12),gyrB(8),icd(12),mdh(15),purA(2),recA(2)
/home/uu_vet_iras/pliu/data/benchmark_pangenome_graphs/2023_10_raw_data/complete_genomes/data/stec/complete_genomes/complete_genomes/GCF_013168115.1_ASM1316811v1_genomic.fna,ecoli_achtman_4,11,adk(12),fumC(12),gyrB(8),icd(12),mdh(15),purA(2),recA(2)
/home/uu_vet_iras/pliu/data/benchmark_pangenome_graphs/2023_10_raw_data/complete_genomes/data/stec/complete_genomes/complete_genomes/GCF_013168135.1_ASM1316813v1_genomic.fna,ecoli_achtman_4,11,adk(12),fumC(12),gyrB(8),icd(12),mdh(15),purA(2),recA(2)
/home/uu_vet_iras/pliu/data/benchmark_pangenome_graphs/2023_10_raw_data/complete_genomes/data/stec/complete_genomes/complete_genomes/GCF_013168155.1_ASM1316815v1_genomic.fna,ecoli_achtman_4,11,adk(12),fumC(12),gyrB(8),icd(12),mdh(15),purA(2),recA(2)
/home/uu_vet_iras/pliu/data/benchmark_pangenome_graphs/2023_10_raw_data/complete_genomes/data/stec/complete_genomes/complete_genomes/GCF_013168175.1_ASM1316817v1_genomic.fna,ecoli_achtman_4,11,adk(12),fumC(12),gyrB(8),icd(12),mdh(15),purA(2),recA(2)
/home/uu_vet_iras/pliu/data/benchmark_pangenome_graphs/2023_10_raw_data/complete_genomes/data/stec/complete_genomes/complete_genomes/GCF_013168195.1_ASM1316819v1_genomic.fna,ecoli_achtman_4,11,adk(12),fumC(12),gyrB(8),icd(12),mdh(15),purA(2),recA(2)
/home/uu_vet_iras/pliu/data/benchmark_pangenome_graphs/2023_10_raw_data/complete_genomes/data/stec/complete_genomes/complete_genomes/GCF_013168215.1_ASM1316821v1_genomic.fna,ecoli_achtman_4,11,adk(12),fumC(12),gyrB(8),icd(12),mdh(15),purA(2),recA(2)
/home/uu_vet_iras/pliu/data/benchmark_pangenome_graphs/2023_10_raw_data/complete_genomes/data/stec/complete_genomes/complete_genomes/GCF_013168235.1_ASM1316823v1_genomic.fna,ecoli_achtman_4,11,adk(12),fumC(12),gyrB(8),icd(12),mdh(15),purA(2),recA(2)
/home/uu_vet_iras/pliu/data/benchmark_pangenome_graphs/2023_10_raw_data/complete_genomes/data/stec/complete_genomes/complete_genomes/GCF_013168255.1_ASM1316825v1_genomic.fna,ecoli_achtman_4,11,adk(12),fumC(12),gyrB(8),icd(12),mdh(15),purA(2),recA(2)
/home/uu_vet_iras/pliu/data/benchmark_pangenome_graphs/2023_10_raw_data/complete_genomes/data/stec/complete_genomes/complete_genomes/GCF_013343595.1_ASM1334359v1_genomic.fna,ecoli_achtman_4,11,adk(12),fumC(12),gyrB(8),icd(12),mdh(15),purA(2),recA(2)
/home/uu_vet_iras/pliu/data/benchmark_pangenome_graphs/2023_10_raw_data/complete_genomes/data/stec/complete_genomes/complete_genomes/GCF_013343635.1_ASM1334363v1_genomic.fna,ecoli_achtman_4,11,adk(12),fumC(12),gyrB(8),icd(12),mdh(15),purA(2),recA(2)
/home/uu_vet_iras/pliu/data/benchmark_pangenome_graphs/2023_10_raw_data/complete_genomes/data/stec/complete_genomes/complete_genomes/GCF_016458885.1_ASM1645888v1_genomic.fna,ecoli_achtman_4,11,adk(12),fumC(12),gyrB(8),icd(12),mdh(15),purA(2),recA(2)
/home/uu_vet_iras/pliu/data/benchmark_pangenome_graphs/2023_10_raw_data/complete_genomes/data/stec/complete_genomes/complete_genomes/GCF_016458905.1_ASM1645890v1_genomic.fna,ecoli_achtman_4,11,adk(12),fumC(12),gyrB(8),icd(12),mdh(15),purA(2),recA(2)
/home/uu_vet_iras/pliu/data/benchmark_pangenome_graphs/2023_10_raw_data/complete_genomes/data/stec/complete_genomes/complete_genomes/GCF_016458925.1_ASM1645892v1_genomic.fna,ecoli_achtman_4,11,adk(12),fumC(12),gyrB(8),icd(12),mdh(15),purA(2),recA(2)
/home/uu_vet_iras/pliu/data/benchmark_pangenome_graphs/2023_10_raw_data/complete_genomes/data/stec/complete_genomes/complete_genomes/GCF_016458945.1_ASM1645894v1_genomic.fna,ecoli_achtman_4,11,adk(12),fumC(12),gyrB(8),icd(12),mdh(15),purA(2),recA(2)
/home/uu_vet_iras/pliu/data/benchmark_pangenome_graphs/2023_10_raw_data/complete_genomes/data/stec/complete_genomes/complete_genomes/GCF_017165095.1_ASM1716509v1_genomic.fna,ecoli_achtman_4,11,adk(12),fumC(12),gyrB(8),icd(12),mdh(15),purA(2),recA(2)
/home/uu_vet_iras/pliu/data/benchmark_pangenome_graphs/2023_10_raw_data/complete_genomes/data/stec/complete_genomes/complete_genomes/GCF_017165115.1_ASM1716511v1_genomic.fna,ecoli_achtman_4,11,adk(12),fumC(12),gyrB(8),Icd(12),mdh(15),purA(2),recA(2)
/home/uu_vet_iras/pliu/data/benchmark_pangenome_graphs/2023_10_raw_data/complete_genomes/data/stec/complete_genomes/complete_genomes/GCF_017165135.1_ASM1716513v1_genomic.fna,ecoli_achtman_4,11,adk(12),fumC(12),gyrB(8),icd(12),mdh(15),purA(2),recA(2)
/home/uu_vet_iras/pliu/data/benchmark_pangenome_graphs/2023_10_raw_data/complete_genomes/data/stec/complete_genomes/complete_genomes/GCF_017165235.1_ASM1716523v1_genomic.fna,ecoli_achtman_4,11,adk(12),fumC(12),gyrB(8),icd(12),mdh(15),purA(2),recA(2)
/home/uu_vet_iras/pliu/data/benchmark_pangenome_graphs/2023_10_raw_data/complete_genomes/data/stec/complete_genomes/complete_genomes/GCF_017165255.1_ASM1716525v1_genomic.fna,ecoli_achtman_4,11,adk(12),fumC(12),gyrB(8),icd(12),mdh(15),purA(2),recA(2)
/home/uu_vet_iras/pliu/data/benchmark_pangenome_graphs/2023_10_raw_data/complete_genomes/data/stec/complete_genomes/complete_genomes/GCF_017165275.1_ASM1716527v1_genomic.fna,ecoli_achtman_4,11,adk(12),fumC(12),gyrB(8),icd(12),mdh(15),purA(2),recA(2)
/home/uu_vet_iras/pliu/data/benchmark_pangenome_graphs/2023_10_raw_data/complete_genomes/data/stec/complete_genomes/complete_genomes/GCF_017165295.1_ASM1716529v1_genomic.fna,ecoli_achtman_4,11,adk(12),fumC(12),gyrB(8),icd(12),mdh(15),purA(2),recA(2)
/home/uu_vet_iras/pliu/data/benchmark_pangenome_graphs/2023_10_raw_data/complete_genomes/data/stec/complete_genomes/complete_genomes/GCF_017165335.1_ASM1716533v1_genomic.fna,ecoli_achtman_4,11,adk(12),fumC(12),gyrB(8),icd(12),mdh(15),purA(2),recA(2)
/home/uu_vet_iras/pliu/data/benchmark_pangenome_graphs/2023_10_raw_data/complete_genomes/data/stec/complete_genomes/complete_genomes/GCF_017165355.1_ASM1716535v1_genomic.fna,ecoli_achtman_4,11,adk(12),fumC(12),gyrB(8),icd(12),mdh(15),purA(2),recA(2)
/home/uu_vet_iras/pliu/data/benchmark_pangenome_graphs/2023_10_raw_data/complete_genomes/data/stec/complete_genomes/complete_genomes/GCF_017165375.1_ASM1716537v1_genomic.fna,ecoli_achtman_4,11,adk(12),fumC(12),gyrB(8),icd(12),mdh(15),purA(2),recA(2)
/home/uu_vet_iras/pliu/data/benchmark_pangenome_graphs/2023_10_raw_data/complete_genomes/data/stec/complete_genomes/complete_genomes/GCF_017165395.1_ASM1716539v1_genomic.fna,ecoli_achtman_4,11,adk(12),fumC(12),gyrB(8),icd(12),mdh(15),purA(2),recA(2)
/home/uu_vet_iras/pliu/data/benchmark_pangenome_graphs/2023_10_raw_data/complete_genomes/data/stec/complete_genomes/complete_genomes/GCF_017165435.1_ASM1716543v1_genomic.fna,ecoli_achtman_4,11,adk(12),fumC(12),gyrB(8),icd(12),mdh(15),purA(2),recA(2)
/home/uu_vet_iras/pliu/data/benchmark_pangenome_graphs/2023_10_raw_data/complete_genomes/data/stec/complete_genomes/complete_genomes/GCF_017165455.1_ASM1716545v1_genomic.fna,ecoli_achtman_4,11,adk(12),fumC(12),gyrB(8),icd(12),mdh(15),purA(2),recA(2)
/home/uu_vet_iras/pliu/data/benchmark_pangenome_graphs/2023_10_raw_data/complete_genomes/data/stec/complete_genomes/complete_genomes/GCF_017357545.1_ASM1735754v1_genomic.fna,ecoli_achtman_4,11,adk(12),fumC(12),gyrB(8),icd(12),mdh(15),purA(2),recA(2)
/home/uu_vet_iras/pliu/data/benchmark_pangenome_graphs/2023_10_raw_data/complete_genomes/data/stec/complete_genomes/complete_genomes/GCF_020423145.1_ASM2042314v1_genomic.fna,ecoli_achtman_4,11,adk(12),fumC(12),gyrB(8),icd(12),mdh(15),purA(2),recA(2)
/home/uu_vet_iras/pliu/data/benchmark_pangenome_graphs/2023_10_raw_data/complete_genomes/data/stec/complete_genomes/complete_genomes/GCF_020423165.1_ASM2042316v1_genomic.fna,ecoli_achtman_4,11,adk(12),fumC(12),gyrB(8),icd(12),mdh(15),purA(2),recA(2)
/home/uu_vet_iras/pliu/data/benchmark_pangenome_graphs/2023_10_raw_data/complete_genomes/data/stec/complete_genomes/complete_genomes/GCF_020423185.1_ASM2042318v1_genomic.fna,ecoli_achtman_4,7816,adk(755),fumC(1072),gyrB(8),icd(12),mdh(15),purA(2),recA(2)
/home/uu_vet_iras/pliu/data/benchmark_pangenome_graphs/2023_10_raw_data/complete_genomes/data/stec/complete_genomes/complete_genomes/GCF_020423205.1_ASM2042320v1_genomic.fna,ecoli_achtman_4,11,adk(12),fumC(12),gyrB(8),icd(12),mdh(15),purA(2),recA(2)
/home/uu_vet_iras/pliu/data/benchmark_pangenome_graphs/2023_10_raw_data/complete_genomes/data/stec/complete_genomes/complete_genomes/GCF_020423225.1_ASM2042322v1_genomic.fna,ecoli_achtman_4,11,adk(12),fumC(12),gyrB(8),icd(12),mdh(15),purA(2),recA(2)
/home/uu_vet_iras/pliu/data/benchmark_pangenome_graphs/2023_10_raw_data/complete_genomes/data/stec/complete_genomes/complete_genomes/GCF_021166015.1_ASM2116601v1_genomic.fna,ecoli_achtman_4,11,adk(12),fumC(12),gyrB(8),icd(12),mdh(15),purA(2),recA(2)
/home/uu_vet_iras/pliu/data/benchmark_pangenome_graphs/2023_10_raw_data/complete_genomes/data/stec/complete_genomes/complete_genomes/GCF_021166395.1_ASM2116639v1_genomic.fna,ecoli_achtman_4,11,adk(12),fumC(12),gyrB(8),icd(12),mdh(15),purA(2),recA(2)
/home/uu_vet_iras/pliu/data/benchmark_pangenome_graphs/2023_10_raw_data/complete_genomes/data/stec/complete_genomes/complete_genomes/GCF_021166415.1_ASM2116641v1_genomic.fna,ecoli_achtman_4,11,adk(12),fumC(12),gyrB(8),icd(12),mdh(15),purA(2),recA(2)
/home/uu_vet_iras/pliu/data/benchmark_pangenome_graphs/2023_10_raw_data/complete_genomes/data/stec/complete_genomes/complete_genomes/GCF_021166435.1_ASM2116643v1_genomic.fna,ecoli_achtman_4,11,adk(12),fumC(12),gyrB(8),icd(12),mdh(15),purA(2),recA(2)
/home/uu_vet_iras/pliu/data/benchmark_pangenome_graphs/2023_10_raw_data/complete_genomes/data/stec/complete_genomes/complete_genomes/GCF_025399035.1_ASM2539903v1_genomic.fna,ecoli_achtman_4,11,adk(12),fumC(12),gyrB(8),icd(12),mdh(15),purA(2),recA(2)
/home/uu_vet_iras/pliu/data/benchmark_pangenome_graphs/2023_10_raw_data/complete_genomes/data/stec/complete_genomes/complete_genomes/GCF_025399095.1_ASM2539909v1_genomic.fna,ecoli_achtman_4,11,adk(12),fumC(12),gyrB(8),icd(12),mdh(15),purA(2),recA(2)
/home/uu_vet_iras/pliu/data/benchmark_pangenome_graphs/2023_10_raw_data/complete_genomes/data/stec/complete_genomes/complete_genomes/GCF_025399115.1_ASM2539911v1_genomic.fna,ecoli_achtman_4,11,adk(12),fumC(12),gyrB(8),icd(12),mdh(15),purA(2),recA(2)
/home/uu_vet_iras/pliu/data/benchmark_pangenome_graphs/2023_10_raw_data/complete_genomes/data/stec/complete_genomes/complete_genomes/GCF_025399135.1_ASM2539913v1_genomic.fna,ecoli_achtman_4,11,adk(12),fumC(12),gyrB(8),icd(12),mdh(15),purA(2),recA(2)
/home/uu_vet_iras/pliu/data/benchmark_pangenome_graphs/2023_10_raw_data/complete_genomes/data/stec/complete_genomes/complete_genomes/GCF_025809255.1_ASM2580925v1_genomic.fna,ecoli_achtman_4,11,adk(12),fumC(12),gyrB(8),icd(12),mdh(15),purA(2),recA(2)
/home/uu_vet_iras/pliu/data/benchmark_pangenome_graphs/2023_10_raw_data/complete_genomes/data/stec/complete_genomes/complete_genomes/GCF_025995195.1_ASM2599519v1_genomic.fna,ecoli_achtman_4,11,adk(12),fumC(12),gyrB(8),icd(12),mdh(15),purA(2),recA(2)
/home/uu_vet_iras/pliu/data/benchmark_pangenome_graphs/2023_10_raw_data/complete_genomes/data/stec/complete_genomes/complete_genomes/GCF_025995255.1_ASM2599525v1_genomic.fna,ecoli_achtman_4,11,adk(12),fumC(12),gyrB(8),icd(12),mdh(15),purA(2),recA(2)
/home/uu_vet_iras/pliu/data/benchmark_pangenome_graphs/2023_10_raw_data/complete_genomes/data/stec/complete_genomes/complete_genomes/GCF_025995315.1_ASM2599531v1_genomic.fna,ecoli_achtman_4,11,adk(12),fumC(12),gyrB(8),icd(12),mdh(15),purA(2),recA(2)
/home/uu_vet_iras/pliu/data/benchmark_pangenome_graphs/2023_10_raw_data/complete_genomes/data/stec/complete_genomes/complete_genomes/GCF_025995355.1_ASM2599535v1_genomic.fna,ecoli_achtman_4,11,adk(12),fumC(12),gyrB(8),icd(12),mdh(15),purA(2),recA(2)
/home/uu_vet_iras/pliu/data/benchmark_pangenome_graphs/2023_10_raw_data/complete_genomes/data/stec/complete_genomes/complete_genomes/GCF_025995415.1_ASM2599541v1_genomic.fna,ecoli_achtman_4,11,adk(12),fumC(12),gyrB(8),icd(12),mdh(15),purA(2),recA(2)
/home/uu_vet_iras/pliu/data/benchmark_pangenome_graphs/2023_10_raw_data/complete_genomes/data/stec/complete_genomes/complete_genomes/GCF_025995475.1_ASM2599547v1_genomic.fna,ecoli_achtman_4,11,adk(12),fumC(12),gyrB(8),icd(12),mdh(15),purA(2),recA(2)
/home/uu_vet_iras/pliu/data/benchmark_pangenome_graphs/2023_10_raw_data/complete_genomes/data/stec/complete_genomes/complete_genomes/GCF_025995535.1_ASM2599553v1_genomic.fna,ecoli_achtman_4,11,adk(12),fumC(12),gyrB(8),icd(12),mdh(15),purA(2),recA(2)
/home/uu_vet_iras/pliu/data/benchmark_pangenome_graphs/2023_10_raw_data/complete_genomes/data/stec/complete_genomes/complete_genomes/GCF_025995615.1_ASM2599561v1_genomic.fna,ecoli_achtman_4,11,adk(12),fumC(12),gyrB(8),icd(12),mdh(15),purA(2),recA(2)
/home/uu_vet_iras/pliu/data/benchmark_pangenome_graphs/2023_10_raw_data/complete_genomes/data/stec/complete_genomes/complete_genomes/GCF_025995675.1_ASM2599567v1_genomic.fna,ecoli_achtman_4,11,adk(12),fumC(12),gyrB(8),icd(12),mdh(15),purA(2),recA(2)
/home/uu_vet_iras/pliu/data/benchmark_pangenome_graphs/2023_10_raw_data/complete_genomes/data/stec/complete_genomes/complete_genomes/GCF_025995735.1_ASM2599573v1_genomic.fna,ecoli_achtman_4,11,adk(12),fumC(12),gyrB(8),icd(12),mdh(15),purA(2),recA(2)
/home/uu_vet_iras/pliu/data/benchmark_pangenome_graphs/2023_10_raw_data/complete_genomes/data/stec/complete_genomes/complete_genomes/GCF_025995895.1_ASM2599589v1_genomic.fna,ecoli_achtman_4,11,adk(12),fumC(12),gyrB(8),icd(12),mdh(15),purA(2),recA(2)
/home/uu_vet_iras/pliu/data/benchmark_pangenome_graphs/2023_10_raw_data/complete_genomes/data/stec/complete_genomes/complete_genomes/GCF_025996075.1_ASM2599607v1_genomic.fna,ecoli_achtman_4,11,adk(12),fumC(12),gyrB(8),icd(12),mdh(15),purA(2),recA(2)
/home/uu_vet_iras/pliu/data/benchmark_pangenome_graphs/2023_10_raw_data/complete_genomes/data/stec/complete_genomes/complete_genomes/GCF_025996315.1_ASM2599631v1_genomic.fna,ecoli_achtman_4,11,adk(12),fumC(12),gyrB(8),icd(12),mdh(15),purA(2),recA(2)
/home/uu_vet_iras/pliu/data/benchmark_pangenome_graphs/2023_10_raw_data/complete_genomes/data/stec/complete_genomes/complete_genomes/GCF_025996495.1_ASM2599649v1_genomic.fna,ecoli_achtman_4,11,adk(12),fumC(12),gyrB(8),icd(12),mdh(15),purA(2),recA(2)
/home/uu_vet_iras/pliu/data/benchmark_pangenome_graphs/2023_10_raw_data/complete_genomes/data/stec/complete_genomes/complete_genomes/GCF_025996555.1_ASM2599655v1_genomic.fna,ecoli_achtman_4,11,adk(12),fumC(12),gyrB(8),icd(12),mdh(15),purA(2),recA(2)
/home/uu_vet_iras/pliu/data/benchmark_pangenome_graphs/2023_10_raw_data/complete_genomes/data/stec/complete_genomes/complete_genomes/GCF_025996615.1_ASM2599661v1_genomic.fna,ecoli_achtman_4,11,adk(12),fumC(12),gyrB(8),icd(12),mdh(15),purA(2),recA(2)
/home/uu_vet_iras/pliu/data/benchmark_pangenome_graphs/2023_10_raw_data/complete_genomes/data/stec/complete_genomes/complete_genomes/GCF_025996735.1_ASM2599673v1_genomic.fna,ecoli_achtman_4,11,adk(12),fumC(12),gyrB(8),icd(12),mdh(15),purA(2),recA(2)
/home/uu_vet_iras/pliu/data/benchmark_pangenome_graphs/2023_10_raw_data/complete_genomes/data/stec/complete_genomes/complete_genomes/GCF_029590495.1_ASM2959049v1_genomic.fna,ecoli_achtman_4,11,adk(12),fumC(12),gyrB(8),icd(12),mdh(15),purA(2),recA(2)
/home/uu_vet_iras/pliu/data/benchmark_pangenome_graphs/2023_10_raw_data/complete_genomes/data/stec/complete_genomes/complete_genomes/GCF_030733925.1_ASM3073392v1_genomic.fna,ecoli_achtman_4,11,adk(12),fumC(12),gyrB(8),icd(12),mdh(15),purA(2),recA(2)
/home/uu_vet_iras/pliu/data/benchmark_pangenome_graphs/2023_10_raw_data/complete_genomes/data/stec/complete_genomes/complete_genomes/GCF_030734165.1_ASM3073416v1_genomic.fna,ecoli_achtman_4,11,adk(12),fumC(12),gyrB(8),icd(12),mdh(15),purA(2),recA(2)
/home/uu_vet_iras/pliu/data/benchmark_pangenome_graphs/2023_10_raw_data/complete_genomes/data/stec/complete_genomes/complete_genomes/GCF_030908665.1_ASM3090866v1_genomic.fna,ecoli_achtman_4,11,adk(12),fumC(12),gyrB(8),icd(12),mdh(15),purA(2),recA(2)
/home/uu_vet_iras/pliu/data/benchmark_pangenome_graphs/2023_10_raw_data/complete_genomes/data/stec/complete_genomes/complete_genomes/GCF_030908685.1_ASM3090868v1_genomic.fna,ecoli_achtman_4,11,adk(12),fumC(12),gyrB(8),icd(12),mdh(15),purA(2),recA(2)
/home/uu_vet_iras/pliu/data/benchmark_pangenome_graphs/2023_10_raw_data/complete_genomes/data/stec/complete_genomes/complete_genomes/GCF_030908705.1_ASM3090870v1_genomic.fna,ecoli_achtman_4,11,adk(12),fumC(12),gyrB(8),icd(12),mdh(15),purA(2),recA(2)
/home/uu_vet_iras/pliu/data/benchmark_pangenome_graphs/2023_10_raw_data/complete_genomes/data/stec/complete_genomes/complete_genomes/GCF_030908725.1_ASM3090872v1_genomic.fna,ecoli_achtman_4,11,adk(12),fumC(12),gyrB(8),icd(12),mdh(15),purA(2),recA(2)
/home/uu_vet_iras/pliu/data/benchmark_pangenome_graphs/2023_10_raw_data/complete_genomes/data/stec/complete_genomes/complete_genomes/GCF_030908745.1_ASM3090874v1_genomic.fna,ecoli_achtman_4,11,adk(12),fumC(12),gyrB(8),icd(12),mdh(15),purA(2),recA(2)
